SQL> select * from xyz order by hiredate desc;

     EMPNO ENAME      JOB              MGR HIREDATE         SAL       COMM
---------- ---------- --------- ---------- --------- ---------- ----------
    DEPTNO
----------
      7876 ADAMS      CLERK           7788 23-MAY-87       1100
        20

      7788 SCOTT      ANALYST         7566 19-APR-87       3000
        20

      7934 BRUNO      CLERK           7780 25-JAN-82       1300
        10


     EMPNO ENAME      JOB              MGR HIREDATE         SAL       COMM
---------- ---------- --------- ---------- --------- ---------- ----------
    DEPTNO
----------
      7934 MILLER     CLERK           7782 23-JAN-82       1300
        10

      7902 FORD       ANALYST         7566 03-DEC-81       3000
        20

      7900 JAMES      CLERK           7698 03-DEC-81        950
        30


     EMPNO ENAME      JOB              MGR HIREDATE         SAL       COMM
---------- ---------- --------- ---------- --------- ---------- ----------
    DEPTNO
----------
      7839 KING       PRESIDENT            17-NOV-81       5000
        10

      7654 MARTIN     SALESMAN        7698 28-SEP-81       1250       1400
        30

      7844 TURNER     SALESMAN        7698 08-SEP-81       1500          0
        30


     EMPNO ENAME      JOB              MGR HIREDATE         SAL       COMM
---------- ---------- --------- ---------- --------- ---------- ----------
    DEPTNO
----------
      7782 CLARK      MANAGER         7839 09-JUN-81       2450
        10

      7698 BLAKE      MANAGER         7839 01-MAY-81       2850
        30

      7566 JONES      MANAGER         7839 02-APR-81       2975
        20


     EMPNO ENAME      JOB              MGR HIREDATE         SAL       COMM
---------- ---------- --------- ---------- --------- ---------- ----------
    DEPTNO
----------
      7521 WARD       SALESMAN        7698 22-FEB-81       1250        500
        30

      7499 ALLEN      SALESMAN        7698 20-FEB-81       1600        300
        30

      7369 SMITH      CLERK           7902 17-DEC-80        800
        20


15 rows selected.

SQL> COMMIT;

Commit complete.

SQL> select * from xyz order by hiredate asc;

     EMPNO ENAME      JOB              MGR HIREDATE         SAL       COMM
---------- ---------- --------- ---------- --------- ---------- ----------
    DEPTNO
----------
      7369 SMITH      CLERK           7902 17-DEC-80        800
        20

      7499 ALLEN      SALESMAN        7698 20-FEB-81       1600        300
        30

      7521 WARD       SALESMAN        7698 22-FEB-81       1250        500
        30


     EMPNO ENAME      JOB              MGR HIREDATE         SAL       COMM
---------- ---------- --------- ---------- --------- ---------- ----------
    DEPTNO
----------
      7566 JONES      MANAGER         7839 02-APR-81       2975
        20

      7698 BLAKE      MANAGER         7839 01-MAY-81       2850
        30

      7782 CLARK      MANAGER         7839 09-JUN-81       2450
        10


     EMPNO ENAME      JOB              MGR HIREDATE         SAL       COMM
---------- ---------- --------- ---------- --------- ---------- ----------
    DEPTNO
----------
      7844 TURNER     SALESMAN        7698 08-SEP-81       1500          0
        30

      7654 MARTIN     SALESMAN        7698 28-SEP-81       1250       1400
        30

      7839 KING       PRESIDENT            17-NOV-81       5000
        10


     EMPNO ENAME      JOB              MGR HIREDATE         SAL       COMM
---------- ---------- --------- ---------- --------- ---------- ----------
    DEPTNO
----------
      7902 FORD       ANALYST         7566 03-DEC-81       3000
        20

      7900 JAMES      CLERK           7698 03-DEC-81        950
        30

      7934 MILLER     CLERK           7782 23-JAN-82       1300
        10


     EMPNO ENAME      JOB              MGR HIREDATE         SAL       COMM
---------- ---------- --------- ---------- --------- ---------- ----------
    DEPTNO
----------
      7934 BRUNO      CLERK           7780 25-JAN-82       1300
        10

      7788 SCOTT      ANALYST         7566 19-APR-87       3000
        20

      7876 ADAMS      CLERK           7788 23-MAY-87       1100
        20


15 rows selected.

SQL> COMMIT;

Commit complete.

SQL> select deptno, dname from xyz where deptno>20;
select deptno, dname from xyz where deptno>20
               *
ERROR at line 1:
ORA-00904: "DNAME": invalid identifier


SQL> select * from xyz where comm>sal;

     EMPNO ENAME      JOB              MGR HIREDATE         SAL       COMM
---------- ---------- --------- ---------- --------- ---------- ----------
    DEPTNO
----------
      7654 MARTIN     SALESMAN        7698 28-SEP-81       1250       1400
        30


SQL> COMMIT;

Commit complete.

SQL> select * from xyz where comm<sal;

     EMPNO ENAME      JOB              MGR HIREDATE         SAL       COMM
---------- ---------- --------- ---------- --------- ---------- ----------
    DEPTNO
----------
      7499 ALLEN      SALESMAN        7698 20-FEB-81       1600        300
        30

      7521 WARD       SALESMAN        7698 22-FEB-81       1250        500
        30

      7844 TURNER     SALESMAN        7698 08-SEP-81       1500          0
        30


SQL> COMMIT;

Commit complete.

SQL> select * from xyz where sal between 500 and 1500;

     EMPNO ENAME      JOB              MGR HIREDATE         SAL       COMM
---------- ---------- --------- ---------- --------- ---------- ----------
    DEPTNO
----------
      7369 SMITH      CLERK           7902 17-DEC-80        800
        20

      7521 WARD       SALESMAN        7698 22-FEB-81       1250        500
        30

      7654 MARTIN     SALESMAN        7698 28-SEP-81       1250       1400
        30


     EMPNO ENAME      JOB              MGR HIREDATE         SAL       COMM
---------- ---------- --------- ---------- --------- ---------- ----------
    DEPTNO
----------
      7844 TURNER     SALESMAN        7698 08-SEP-81       1500          0
        30

      7876 ADAMS      CLERK           7788 23-MAY-87       1100
        20

      7900 JAMES      CLERK           7698 03-DEC-81        950
        30


     EMPNO ENAME      JOB              MGR HIREDATE         SAL       COMM
---------- ---------- --------- ---------- --------- ---------- ----------
    DEPTNO
----------
      7934 MILLER     CLERK           7782 23-JAN-82       1300
        10

      7934 BRUNO      CLERK           7780 25-JAN-82       1300
        10


8 rows selected.

SQL> COMMIT;

Commit complete.

SQL> select * from xyz where mgr in (7902, 7566, 7788);

     EMPNO ENAME      JOB              MGR HIREDATE         SAL       COMM
---------- ---------- --------- ---------- --------- ---------- ----------
    DEPTNO
----------
      7788 SCOTT      ANALYST         7566 19-APR-87       3000
        20

      7902 FORD       ANALYST         7566 03-DEC-81       3000
        20

      7369 SMITH      CLERK           7902 17-DEC-80        800
        20


     EMPNO ENAME      JOB              MGR HIREDATE         SAL       COMM
---------- ---------- --------- ---------- --------- ---------- ----------
    DEPTNO
----------
      7876 ADAMS      CLERK           7788 23-MAY-87       1100
        20


SQL> COMMIT;

Commit complete.

SQL> 
